round,failures,group,mode,selections,issues,selection_coverage,pair_coverage,relative_coverage,regret_geomean,regret_worst,all_pair_accuracy,non_tie_pair_accuracy,relative_error_geomean,relative_error_p90
round-00-coverage,[],core,max_tp_lcd,"{""gesummv-l00"": 4, ""s000"": 16, ""s125"": 16, ""s311"": 16}","[""s1111: missing or invalid compiler score"", ""s4112: missing or invalid compiler score"", ""jacobi-2d-imper-l00: missing or invalid compiler score"", ""Relative scale undefined: missing/invalid/zero score or reference""]",4/7,24/42,12/21,,,,,,
round-00-coverage,[],core,automatic,"{""gesummv-l00"": 8, ""jacobi-2d-imper-l00"": 16, ""s000"": 16, ""s1111"": 8, ""s125"": 16, ""s311"": 16, ""s4112"": 16}",[],7/7,not applicable,not applicable,1.0856378240781233,1.457382236537608,,,,
round-00-coverage,[],validation_informed,max_tp_lcd,"{""bicg-l01"": 4, ""gemver-l00"": 16}",[],2/2,12/12,6/6,1.0323424181315806,1.065730868273759,0.8333333333333334,0.9090909090909091,1.5462429360570729,1.6784787361065072
round-00-coverage,[],validation_informed,automatic,"{""bicg-l01"": 16, ""gemver-l00"": 16}",[],2/2,not applicable,not applicable,1.0,1.0,,,,
round-01-coverage,[],core,max_tp_lcd,"{""gesummv-l00"": 4, ""jacobi-2d-imper-l00"": 16, ""s000"": 16, ""s1111"": 16, ""s125"": 16, ""s311"": 16, ""s4112"": 16}",[],7/7,42/42,21/21,1.071227484097515,1.457382236537608,0.8095238095238095,0.8461538461538461,1.4295807836648422,1.8148995456649255
round-01-coverage,[],core,automatic,"{""gesummv-l00"": 8, ""jacobi-2d-imper-l00"": 16, ""s000"": 16, ""s1111"": 8, ""s125"": 16, ""s311"": 16, ""s4112"": 16}",[],7/7,not applicable,not applicable,1.0856378240781233,1.457382236537608,,,,
round-01-coverage,[],validation_informed,max_tp_lcd,"{""bicg-l01"": 4, ""gemver-l00"": 16}",[],2/2,12/12,6/6,1.0323424181315806,1.065730868273759,0.8333333333333334,0.9090909090909091,1.5462429360570729,1.6784787361065072
round-01-coverage,[],validation_informed,automatic,"{""bicg-l01"": 16, ""gemver-l00"": 16}",[],2/2,not applicable,not applicable,1.0,1.0,,,,
round-02-initial-full,[],core,max_tp_lcd,"{""gesummv-l00"": 4, ""jacobi-2d-imper-l00"": 16, ""s000"": 16, ""s1111"": 16, ""s125"": 16, ""s311"": 16, ""s4112"": 16}",[],7/7,42/42,21/21,1.071227484097515,1.457382236537608,0.8095238095238095,0.8461538461538461,1.4295807836648422,1.8148995456649255
round-02-initial-full,[],core,automatic,"{""gesummv-l00"": 8, ""jacobi-2d-imper-l00"": 16, ""s000"": 16, ""s1111"": 8, ""s125"": 16, ""s311"": 16, ""s4112"": 16}",[],7/7,not applicable,not applicable,1.0856378240781233,1.457382236537608,,,,
round-02-initial-full,[],validation_informed,max_tp_lcd,"{""bicg-l01"": 4, ""gemver-l00"": 16}",[],2/2,12/12,6/6,1.0323424181315806,1.065730868273759,0.8333333333333334,0.9090909090909091,1.5462429360570729,1.6784787361065072
round-02-initial-full,[],validation_informed,automatic,"{""bicg-l01"": 16, ""gemver-l00"": 16}",[],2/2,not applicable,not applicable,1.0,1.0,,,,
round-03-memory256,[],core,max_tp_lcd,"{""gesummv-l00"": 4, ""jacobi-2d-imper-l00"": 16, ""s000"": 16, ""s1111"": 16, ""s125"": 16, ""s311"": 16, ""s4112"": 16}",[],7/7,42/42,21/21,1.071227484097515,1.457382236537608,0.8095238095238095,0.8461538461538461,1.2681839880788714,1.5026176153679405
round-03-memory256,[],core,automatic,"{""gesummv-l00"": 8, ""jacobi-2d-imper-l00"": 16, ""s000"": 16, ""s1111"": 8, ""s125"": 16, ""s311"": 16, ""s4112"": 16}",[],7/7,not applicable,not applicable,1.0856378240781233,1.457382236537608,,,,
round-03-memory256,[],validation_informed,max_tp_lcd,"{""bicg-l01"": 4, ""gemver-l00"": 16}",[],2/2,12/12,6/6,1.0323424181315806,1.065730868273759,0.8333333333333334,0.9090909090909091,1.5462429360570729,1.6784787361065072
round-03-memory256,[],validation_informed,automatic,"{""bicg-l01"": 16, ""gemver-l00"": 16}",[],2/2,not applicable,not applicable,1.0,1.0,,,,
round-04-fma,[],core,max_tp_lcd,"{""gesummv-l00"": 4, ""jacobi-2d-imper-l00"": 16, ""s000"": 16, ""s1111"": 16, ""s125"": 16, ""s311"": 16, ""s4112"": 16}",[],7/7,42/42,21/21,1.071227484097515,1.457382236537608,0.8571428571428571,0.8974358974358975,1.250030294464313,1.4000513659643223
round-04-fma,[],core,automatic,"{""gesummv-l00"": 8, ""jacobi-2d-imper-l00"": 16, ""s000"": 16, ""s1111"": 8, ""s125"": 16, ""s311"": 16, ""s4112"": 16}",[],7/7,not applicable,not applicable,1.0856378240781233,1.457382236537608,,,,
round-04-fma,[],validation_informed,max_tp_lcd,"{""bicg-l01"": 4, ""gemver-l00"": 16}",[],2/2,12/12,6/6,1.0323424181315806,1.065730868273759,0.8333333333333334,0.9090909090909091,1.131718573153826,1.2036677931301372
round-04-fma,[],validation_informed,automatic,"{""bicg-l01"": 16, ""gemver-l00"": 16}",[],2/2,not applicable,not applicable,1.0,1.0,,,,
round-04-no-fma,[],core,max_tp_lcd,"{""gesummv-l00"": 4, ""jacobi-2d-imper-l00"": 16, ""s000"": 16, ""s1111"": 16, ""s125"": 16, ""s311"": 16, ""s4112"": 16}",[],7/7,42/42,21/21,1.071227484097515,1.457382236537608,0.8095238095238095,0.8461538461538461,1.2681839880788714,1.5026176153679405
round-04-no-fma,[],core,automatic,"{""gesummv-l00"": 8, ""jacobi-2d-imper-l00"": 16, ""s000"": 16, ""s1111"": 8, ""s125"": 16, ""s311"": 16, ""s4112"": 16}",[],7/7,not applicable,not applicable,1.0856378240781233,1.457382236537608,,,,
round-04-no-fma,[],validation_informed,max_tp_lcd,"{""bicg-l01"": 4, ""gemver-l00"": 16}",[],2/2,12/12,6/6,1.0323424181315806,1.065730868273759,0.8333333333333334,0.9090909090909091,1.5462429360570729,1.6784787361065072
round-04-no-fma,[],validation_informed,automatic,"{""bicg-l01"": 16, ""gemver-l00"": 16}",[],2/2,not applicable,not applicable,1.0,1.0,,,,
round-05-slide-best-full,[],core,max_tp_lcd,"{""gesummv-l00"": 4, ""jacobi-2d-imper-l00"": 8, ""s000"": 16, ""s1111"": 16, ""s125"": 16, ""s311"": 16, ""s4112"": 16}",[],7/7,42/42,21/21,1.0151122480048456,1.0931166540392083,0.9047619047619048,0.9487179487179487,1.2007239093155728,1.33144018724387
round-05-slide-best-full,[],core,automatic,"{""gesummv-l00"": 8, ""jacobi-2d-imper-l00"": 8, ""s000"": 16, ""s1111"": 8, ""s125"": 16, ""s311"": 16, ""s4112"": 16}",[],7/7,not applicable,not applicable,1.0287677159884299,1.161080002841178,,,,
round-05-slide-best-full,[],validation_informed,max_tp_lcd,"{""bicg-l01"": 4, ""gemver-l00"": 16}",[],2/2,12/12,6/6,1.0323424181315806,1.065730868273759,0.8333333333333334,0.9090909090909091,1.131718573153826,1.2036677931301372
round-05-slide-best-full,[],validation_informed,automatic,"{""bicg-l01"": 16, ""gemver-l00"": 16}",[],2/2,not applicable,not applicable,1.0,1.0,,,,
round-06-latency-best-full,[],core,max_tp_lcd,"{""gesummv-l00"": 4, ""jacobi-2d-imper-l00"": 8, ""s000"": 16, ""s1111"": 16, ""s125"": 16, ""s311"": 16, ""s4112"": 16}",[],7/7,42/42,21/21,1.0151122480048456,1.0931166540392083,0.8809523809523809,0.9487179487179487,1.1454368536403983,1.3034042388656588
round-06-latency-best-full,[],core,automatic,"{""gesummv-l00"": 8, ""jacobi-2d-imper-l00"": 8, ""s000"": 16, ""s1111"": 8, ""s125"": 16, ""s311"": 16, ""s4112"": 16}",[],7/7,not applicable,not applicable,1.0287677159884299,1.161080002841178,,,,
round-06-latency-best-full,[],validation_informed,max_tp_lcd,"{""bicg-l01"": 16, ""gemver-l00"": 16}",[],2/2,12/12,6/6,1.0,1.0,0.9166666666666666,1.0,1.1067038280348176,1.1886717703879097
round-06-latency-best-full,[],validation_informed,automatic,"{""bicg-l01"": 16, ""gemver-l00"": 16}",[],2/2,not applicable,not applicable,1.0,1.0,,,,
round-07-indexed-startup,[],core,max_tp_lcd,"{""gesummv-l00"": 4, ""jacobi-2d-imper-l00"": 8, ""s000"": 16, ""s1111"": 16, ""s125"": 16, ""s311"": 16, ""s4112"": 16}",[],7/7,42/42,21/21,1.0151122480048456,1.0931166540392083,0.9047619047619048,0.9743589743589743,1.1532163141062994,1.3063325322658448
round-07-indexed-startup,[],core,automatic,"{""gesummv-l00"": 8, ""jacobi-2d-imper-l00"": 8, ""s000"": 16, ""s1111"": 8, ""s125"": 16, ""s311"": 16, ""s4112"": 16}",[],7/7,not applicable,not applicable,1.0287677159884299,1.161080002841178,,,,
round-07-indexed-startup,[],validation_informed,max_tp_lcd,"{""bicg-l01"": 16, ""gemver-l00"": 16}",[],2/2,12/12,6/6,1.0,1.0,0.9166666666666666,1.0,1.1067038280348176,1.1886717703879097
round-07-indexed-startup,[],validation_informed,automatic,"{""bicg-l01"": 16, ""gemver-l00"": 16}",[],2/2,not applicable,not applicable,1.0,1.0,,,,
round-08-data-index,[],core,max_tp_lcd,"{""gesummv-l00"": 4, ""jacobi-2d-imper-l00"": 8, ""s000"": 16, ""s1111"": 16, ""s125"": 16, ""s311"": 16, ""s4112"": 16}",[],7/7,42/42,21/21,1.0151122480048456,1.0931166540392083,0.8809523809523809,0.9487179487179487,1.1185016643179515,1.2467425065414282
round-08-data-index,[],core,automatic,"{""gesummv-l00"": 8, ""jacobi-2d-imper-l00"": 8, ""s000"": 16, ""s1111"": 8, ""s125"": 16, ""s311"": 16, ""s4112"": 16}",[],7/7,not applicable,not applicable,1.0287677159884299,1.161080002841178,,,,
round-08-data-index,[],validation_informed,max_tp_lcd,"{""bicg-l01"": 16, ""gemver-l00"": 16}",[],2/2,12/12,6/6,1.0,1.0,0.9166666666666666,1.0,1.1067038280348176,1.1886717703879097
round-08-data-index,[],validation_informed,automatic,"{""bicg-l01"": 16, ""gemver-l00"": 16}",[],2/2,not applicable,not applicable,1.0,1.0,,,,
round-08-no-data-index,[],core,max_tp_lcd,"{""gesummv-l00"": 4, ""jacobi-2d-imper-l00"": 8, ""s000"": 16, ""s1111"": 16, ""s125"": 16, ""s311"": 16, ""s4112"": 16}",[],7/7,42/42,21/21,1.0151122480048456,1.0931166540392083,0.8809523809523809,0.9487179487179487,1.1454368536403983,1.3034042388656588
round-08-no-data-index,[],core,automatic,"{""gesummv-l00"": 8, ""jacobi-2d-imper-l00"": 8, ""s000"": 16, ""s1111"": 8, ""s125"": 16, ""s311"": 16, ""s4112"": 16}",[],7/7,not applicable,not applicable,1.0287677159884299,1.161080002841178,,,,
round-08-no-data-index,[],validation_informed,max_tp_lcd,"{""bicg-l01"": 16, ""gemver-l00"": 16}",[],2/2,12/12,6/6,1.0,1.0,0.9166666666666666,1.0,1.1067038280348176,1.1886717703879097
round-08-no-data-index,[],validation_informed,automatic,"{""bicg-l01"": 16, ""gemver-l00"": 16}",[],2/2,not applicable,not applicable,1.0,1.0,,,,
round-09-full-evl,"[{""error"": ""assembly exit 1"", ""kernel"": ""s1111"", ""mode"": ""expanded""}, {""error"": ""assembly exit 1"", ""kernel"": ""gesummv-l00"", ""mode"": ""expanded""}]",core,max_tp_lcd,"{""gesummv-l00"": 4, ""jacobi-2d-imper-l00"": 8, ""s000"": 16, ""s1111"": 16, ""s125"": 16, ""s311"": 16, ""s4112"": 16}",[],7/7,42/42,21/21,1.0151122480048456,1.0931166540392083,0.8809523809523809,0.9487179487179487,1.1185016643179515,1.2467425065414282
round-09-full-evl,"[{""error"": ""assembly exit 1"", ""kernel"": ""s1111"", ""mode"": ""expanded""}, {""error"": ""assembly exit 1"", ""kernel"": ""gesummv-l00"", ""mode"": ""expanded""}]",core,automatic,"{""gesummv-l00"": null, ""jacobi-2d-imper-l00"": 8, ""s000"": 16, ""s1111"": null, ""s125"": 16, ""s311"": 16, ""s4112"": 16}","[""s1111: actual selection absent or outside measured candidates: None"", ""gesummv-l00: actual selection absent or outside measured candidates: None""]",5/7,not applicable,not applicable,,,,,,
round-09-full-evl,"[{""error"": ""assembly exit 1"", ""kernel"": ""s1111"", ""mode"": ""expanded""}, {""error"": ""assembly exit 1"", ""kernel"": ""gesummv-l00"", ""mode"": ""expanded""}]",validation_informed,max_tp_lcd,"{""bicg-l01"": 16, ""gemver-l00"": 16}",[],2/2,12/12,6/6,1.0,1.0,0.9166666666666666,1.0,1.1067038280348176,1.1886717703879097
round-09-full-evl,"[{""error"": ""assembly exit 1"", ""kernel"": ""s1111"", ""mode"": ""expanded""}, {""error"": ""assembly exit 1"", ""kernel"": ""gesummv-l00"", ""mode"": ""expanded""}]",validation_informed,automatic,"{""bicg-l01"": 16, ""gemver-l00"": 16}",[],2/2,not applicable,not applicable,1.0,1.0,,,,
round-09b-full-evl,[],core,max_tp_lcd,"{""gesummv-l00"": 4, ""jacobi-2d-imper-l00"": 8, ""s000"": 16, ""s1111"": 16, ""s125"": 16, ""s311"": 16, ""s4112"": 16}",[],7/7,42/42,21/21,1.0151122480048456,1.0931166540392083,0.8809523809523809,0.9487179487179487,1.1185016643179515,1.2467425065414282
round-09b-full-evl,[],core,automatic,"{""gesummv-l00"": 4, ""jacobi-2d-imper-l00"": 8, ""s000"": 16, ""s1111"": 4, ""s125"": 16, ""s311"": 16, ""s4112"": 16}",[],7/7,not applicable,not applicable,1.0451299989742773,1.2262915087258146,,,,
round-09b-full-evl,[],validation_informed,max_tp_lcd,"{""bicg-l01"": 16, ""gemver-l00"": 16}",[],2/2,12/12,6/6,1.0,1.0,0.9166666666666666,1.0,1.1067038280348176,1.1886717703879097
round-09b-full-evl,[],validation_informed,automatic,"{""bicg-l01"": 16, ""gemver-l00"": 16}",[],2/2,not applicable,not applicable,1.0,1.0,,,,
round-10-strided-pressure,[],core,max_tp_lcd,"{""gesummv-l00"": 4, ""jacobi-2d-imper-l00"": 8, ""s000"": 16, ""s1111"": 16, ""s125"": 16, ""s311"": 16, ""s4112"": 16}",[],7/7,42/42,21/21,1.0151122480048456,1.0931166540392083,0.8809523809523809,0.9487179487179487,1.1185016643179515,1.2467425065414282
round-10-strided-pressure,[],core,automatic,"{""gesummv-l00"": 4, ""jacobi-2d-imper-l00"": 8, ""s000"": 16, ""s1111"": 4, ""s125"": 16, ""s311"": 16, ""s4112"": 16}",[],7/7,not applicable,not applicable,1.0451299989742773,1.2262915087258146,,,,
round-10-strided-pressure,[],validation_informed,max_tp_lcd,"{""bicg-l01"": 16, ""gemver-l00"": 16}",[],2/2,12/12,6/6,1.0,1.0,0.9166666666666666,1.0,1.1067038280348176,1.1886717703879097
round-10-strided-pressure,[],validation_informed,automatic,"{""bicg-l01"": 16, ""gemver-l00"": 16}",[],2/2,not applicable,not applicable,1.0,1.0,,,,
round-10-no-strided-pressure,[],core,max_tp_lcd,"{""gesummv-l00"": 4, ""jacobi-2d-imper-l00"": 8, ""s000"": 16, ""s1111"": 16, ""s125"": 16, ""s311"": 16, ""s4112"": 16}",[],7/7,42/42,21/21,1.0151122480048456,1.0931166540392083,0.8809523809523809,0.9487179487179487,1.1185016643179515,1.2467425065414282
round-10-no-strided-pressure,[],core,automatic,"{""gesummv-l00"": 4, ""jacobi-2d-imper-l00"": 8, ""s000"": 16, ""s1111"": 4, ""s125"": 16, ""s311"": 16, ""s4112"": 16}",[],7/7,not applicable,not applicable,1.0451299989742773,1.2262915087258146,,,,
round-10-no-strided-pressure,[],validation_informed,max_tp_lcd,"{""bicg-l01"": 16, ""gemver-l00"": 16}",[],2/2,12/12,6/6,1.0,1.0,0.9166666666666666,1.0,1.1067038280348176,1.1886717703879097
round-10-no-strided-pressure,[],validation_informed,automatic,"{""bicg-l01"": 16, ""gemver-l00"": 16}",[],2/2,not applicable,not applicable,1.0,1.0,,,,
round-11-scalar-evl,[],core,max_tp_lcd,"{""gesummv-l00"": 4, ""jacobi-2d-imper-l00"": 8, ""s000"": 16, ""s1111"": 16, ""s125"": 16, ""s311"": 16, ""s4112"": 16}",[],7/7,42/42,21/21,1.0151122480048456,1.0931166540392083,0.8809523809523809,0.9487179487179487,1.1185016643179515,1.2467425065414282
round-11-scalar-evl,[],core,automatic,"{""gesummv-l00"": 4, ""jacobi-2d-imper-l00"": 8, ""s000"": 16, ""s1111"": 16, ""s125"": 16, ""s311"": 16, ""s4112"": 16}",[],7/7,not applicable,not applicable,1.0151122480048456,1.0931166540392083,,,,
round-11-scalar-evl,[],validation_informed,max_tp_lcd,"{""bicg-l01"": 16, ""gemver-l00"": 16}",[],2/2,12/12,6/6,1.0,1.0,0.9166666666666666,1.0,1.1067038280348176,1.1886717703879097
round-11-scalar-evl,[],validation_informed,automatic,"{""bicg-l01"": 16, ""gemver-l00"": 16}",[],2/2,not applicable,not applicable,1.0,1.0,,,,
final-ablation-no-data-index,[],core,max_tp_lcd,"{""gesummv-l00"": 4, ""jacobi-2d-imper-l00"": 8, ""s000"": 16, ""s1111"": 16, ""s125"": 16, ""s311"": 16, ""s4112"": 16}",[],7/7,42/42,21/21,1.0151122480048456,1.0931166540392083,0.8809523809523809,0.9487179487179487,1.1454368536403983,1.3034042388656588
final-ablation-no-data-index,[],core,automatic,"{""gesummv-l00"": 4, ""jacobi-2d-imper-l00"": 8, ""s000"": 16, ""s1111"": 16, ""s125"": 16, ""s311"": 16, ""s4112"": 16}",[],7/7,not applicable,not applicable,1.0151122480048456,1.0931166540392083,,,,
final-ablation-no-data-index,[],validation_informed,max_tp_lcd,"{""bicg-l01"": 16, ""gemver-l00"": 16}",[],2/2,12/12,6/6,1.0,1.0,0.9166666666666666,1.0,1.1067038280348176,1.1886717703879097
final-ablation-no-data-index,[],validation_informed,automatic,"{""bicg-l01"": 16, ""gemver-l00"": 16}",[],2/2,not applicable,not applicable,1.0,1.0,,,,
final-ablation-no-fma,[],core,max_tp_lcd,"{""gesummv-l00"": 4, ""jacobi-2d-imper-l00"": 8, ""s000"": 16, ""s1111"": 16, ""s125"": 16, ""s311"": 16, ""s4112"": 16}",[],7/7,42/42,21/21,1.0151122480048456,1.0931166540392083,0.8333333333333334,0.8974358974358975,1.1530730979219586,1.3063325322658448
final-ablation-no-fma,[],core,automatic,"{""gesummv-l00"": 4, ""jacobi-2d-imper-l00"": 8, ""s000"": 16, ""s1111"": 16, ""s125"": 16, ""s311"": 16, ""s4112"": 16}",[],7/7,not applicable,not applicable,1.0151122480048456,1.0931166540392083,,,,
final-ablation-no-fma,[],validation_informed,max_tp_lcd,"{""bicg-l01"": 4, ""gemver-l00"": 16}",[],2/2,12/12,6/6,1.0323424181315806,1.065730868273759,0.8333333333333334,0.9090909090909091,1.5462429360570729,1.6784787361065072
final-ablation-no-fma,[],validation_informed,automatic,"{""bicg-l01"": 4, ""gemver-l00"": 16}",[],2/2,not applicable,not applicable,1.0323424181315806,1.065730868273759,,,,
final-ablation-no-full-evl,[],core,max_tp_lcd,"{""gesummv-l00"": 4, ""jacobi-2d-imper-l00"": 8, ""s000"": 16, ""s1111"": 16, ""s125"": 16, ""s311"": 16, ""s4112"": 16}",[],7/7,42/42,21/21,1.0151122480048456,1.0931166540392083,0.8809523809523809,0.9487179487179487,1.1185016643179515,1.2467425065414282
final-ablation-no-full-evl,[],core,automatic,"{""gesummv-l00"": 8, ""jacobi-2d-imper-l00"": 8, ""s000"": 16, ""s1111"": 16, ""s125"": 16, ""s311"": 16, ""s4112"": 16}",[],7/7,not applicable,not applicable,1.0238970726351309,1.161080002841178,,,,
final-ablation-no-full-evl,[],validation_informed,max_tp_lcd,"{""bicg-l01"": 16, ""gemver-l00"": 16}",[],2/2,12/12,6/6,1.0,1.0,0.9166666666666666,1.0,1.1067038280348176,1.1886717703879097
final-ablation-no-full-evl,[],validation_informed,automatic,"{""bicg-l01"": 16, ""gemver-l00"": 16}",[],2/2,not applicable,not applicable,1.0,1.0,,,,
final-ablation-no-scalar-registers,[],core,max_tp_lcd,"{""gesummv-l00"": 4, ""jacobi-2d-imper-l00"": 8, ""s000"": 16, ""s1111"": 16, ""s125"": 16, ""s311"": 16, ""s4112"": 16}",[],7/7,42/42,21/21,1.0151122480048456,1.0931166540392083,0.8809523809523809,0.9487179487179487,1.1185016643179515,1.2467425065414282
final-ablation-no-scalar-registers,[],core,automatic,"{""gesummv-l00"": 4, ""jacobi-2d-imper-l00"": 8, ""s000"": 16, ""s1111"": 4, ""s125"": 16, ""s311"": 16, ""s4112"": 16}",[],7/7,not applicable,not applicable,1.0451299989742773,1.2262915087258146,,,,
final-ablation-no-scalar-registers,[],validation_informed,max_tp_lcd,"{""bicg-l01"": 16, ""gemver-l00"": 16}",[],2/2,12/12,6/6,1.0,1.0,0.9166666666666666,1.0,1.1067038280348176,1.1886717703879097
final-ablation-no-scalar-registers,[],validation_informed,automatic,"{""bicg-l01"": 16, ""gemver-l00"": 16}",[],2/2,not applicable,not applicable,1.0,1.0,,,,
final-xiangshan,[],core,max_tp_lcd,"{""gesummv-l00"": 4, ""jacobi-2d-imper-l00"": 8, ""s000"": 16, ""s1111"": 16, ""s125"": 16, ""s311"": 16, ""s4112"": 16}",[],7/7,42/42,21/21,1.0151122480048456,1.0931166540392083,0.8809523809523809,0.9487179487179487,1.1185016643179515,1.2467425065414282
final-xiangshan,[],core,automatic,"{""gesummv-l00"": 4, ""jacobi-2d-imper-l00"": 8, ""s000"": 16, ""s1111"": 16, ""s125"": 16, ""s311"": 16, ""s4112"": 16}",[],7/7,not applicable,not applicable,1.0151122480048456,1.0931166540392083,,,,
final-xiangshan,[],validation_informed,max_tp_lcd,"{""bicg-l01"": 16, ""gemver-l00"": 16}",[],2/2,12/12,6/6,1.0,1.0,0.9166666666666666,1.0,1.1067038280348176,1.1886717703879097
final-xiangshan,[],validation_informed,automatic,"{""bicg-l01"": 16, ""gemver-l00"": 16}",[],2/2,not applicable,not applicable,1.0,1.0,,,,
